Babs,Antognozzii
Laurens,Eborall
Kippie,Cutcliffe
Lauretta,Osgar
Bryana,Galfour
Petronia,Sawyers
Rahel,Sprake
Lisha,Camacke
Bondon,L'Amie
Sawyere,Quantick
Durand,Dacey
Dixie,Mabb
Jacquette,Stanhope
Reece,Ormshaw
Kaitlynn,Speirs
Norine,Kalinowsky
Marietta,Pinniger
Jobye,Leverentz
Sophey,Rumbold
Alejoa,Mc Meekan
Ketti,Cheak
Margarethe,Murty
Johnathan,Robbe
Ruthanne,Markie
Rosemary,McCroft
Andre,Chattell
Bev,Duchasteau
Betteann,Rahill
Giacopo,Northall
Casey,Hankey
Brenn,Algar
Dasha,Blackley
Morgan,Sharpus
Olwen,Duigan
Almire,Yushkov
Correy,Cratchley
Tadio,Vasilic
Hamilton,Ajsik
Inesita,Bart
Hana,Jenne
Ramonda,Scrafton
Kit,Alishoner
Dewie,Saleway
Francisco,Micah
Caleb,Derkes
Goddart,Penlington
Dreddy,Smeeton
Jemmy,Jerrim
Luisa,Fatharly
Tamarah,Thompsett
Wat,Borsay
Pia,Lawday
Berkie,Shippard
Anitra,Dabling
Sinclair,Lazell
Tim,Karlicek
Anthe,Jain
Darlleen,Strathdee
Ripley,Bowmaker
Tarra,Mussettini
Ashly,Denis
Syd,Hanhardt
Jacintha,McKintosh
Myer,Taggert
Abramo,Bachman
Opalina,Kopmann
Deloris,Norquoy
Gregorio,Launder
Torry,Petschelt
Ardys,Bristowe
Lion,McCraw
Kienan,Petteford
Yehudi,Norcott
Cleon,Bradneck
Goraud,Hopfner
Vi,Gyde
Jessa,Deeny
Trstram,McSharry
Joletta,Clinning
Sergei,Venables
Lanni,Fieldhouse
Richard,Biddleston
Benedikt,Vaudin
Alwin,Stearndale
Ingeberg,Lathbury
Hewe,Cable
Eustace,Kesterton
Denny,Clitherow
Dino,Darnell
Silvio,Comiskey
Robinia,Espadate
Goldarina,Rogerot
Garrott,Brookton
Christal,Bolden
Sarena,Kulvear
Rianon,Wilkes
Giacinta,Gobbet
Harlene,Dunderdale
Godwin,Kira
Francisca,Westhoff
Aile,Borges
Joly,Gull
Phyllida,Mant
Nichols,Hanster
Goldina,MacLleese
Quinta,Yallowley
Kay,Obert
Cathi,Bird
Jens,Clemmens
Flossi,Ilchuk
Joelynn,Lamswood
Agnesse,Guion
Fidelia,Ternott
Cathlene,Bragginton
Eric,Tieman
Irina,Sunley
Gabi,Soar
Kinsley,Irdale
Delly,Ripsher
Merridie,Goublier
Flint,Criag
Evie,Scotchforth
Micheil,Leacy
Leigh,Irlam
Culley,Peare
Lara,Winney
Harland,Lydon
Wren,Brammer
Bronny,Devenport
Saxe,Chazelas
Angil,Roderick
Skipton,Faircley
Jessalin,Bozward
Hodge,Effnert
Nolie,Beacom
Aridatha,Capelow
Onfre,Haggidon
Kaleb,Maseres
Codee,Hawyes
Whitney,Fisbey
Nancey,Van Salzberger
Cyrille,Vasyunin
Vin,Jeayes
Karl,Culcheth
Wilma,Rennels
Virgilio,Macias
Lief,Beville
Oralla,Abramson
Domeniga,Clappson
Cosimo,McVicker
Rudie,Dykes
Ives,Cummine
Dionysus,Wheater
Cirillo,Howsden
Oswell,Perrottet
Annabella,MacShane
Vivyanne,Wrigglesworth
Rodger,Wloch
Christel,Kelinge
Raphaela,Christophers
Frazier,Findlow
Danny,Paolo
Florry,Delea
Mattie,Bernakiewicz
Sydney,Hovee
Tabby,Bachshell
Phyllys,Offill
Mackenzie,McGee
Mar,Olander
Gisella,Agus
Marsh,Cuell
Sapphire,Brandham
Elli,Spears
Ealasaid,Bastiman
Scarlett,Dutchburn
Gui,Woodford
Bonnie,Fransewich
Wilhelm,Archibold
Felisha,Conti
Erich,Yglesias
Joelie,Cosely
Belinda,Dorney
Keefer,Siehard
Didi,Pimlett
Faustine,MacDermott
Ruby,Arons
Margaretta,Wegener
Raye,Matovic
Burnard,Queen
Kristoforo,McFayden
Alethea,Mandre
Gordie,Polendine
Jermain,Swalwel
Derby,Kenningley
Daryl,Purse
Errol,Bondar
Miguel,Clough
Brigg,Krysiak
Gussi,Kalisch
Lebbie,Lomansey
Gregoor,Buggy
Nathan,Whitehouse
Crystal,Vennart
Bradford,Vlahos
Mickie,Arias
Patti,Flack
Codie,Armfirld
Jenine,Hitschke
Garth,Sevitt
Dion,Kabsch
Gibby,Livingston
Padraig,Gurden
Lyda,Rhead
Sandy,Raccio
Binnie,Shearman
Bryn,Jakovijevic
Terry,Piscot
Merrielle,Cramphorn
Alvin,Raulin
Lindy,Aucourte
Quincy,Ugolini
Mead,Ninnotti
Shelli,Landsman
Brietta,Skilling
Lu,Dalley
Anissa,Bouzek
Atalanta,Oswal
Earvin,Coxon
Mercedes,Seydlitz
Joya,Simic
Stanleigh,Stainer
Noby,Yakuntzov
Ilka,Ast
Jacky,MacCaughey
Leonerd,Canfield
Vannie,Ronisch
Max,Aronoff
Eldin,Annwyl
Guenevere,Stirman
Tonie,Gaythorpe
Eddie,Barg
Donnell,Allebone
Dareen,O'Cooney
Chelsea,Kennet
Jasmin,Gooderson
Almeda,Kinnoch
Cyndie,Lamberts
Robinet,McCunn
Chas,Rey
Kerwin,Myrick
Kaine,Rosso
Harriott,Dobbings
Davon,Cunradi
Paxton,Bluschke
Zackariah,Shermore
Rowland,Davison
Nevins,Gierck
Cristina,Payle
Everard,Deniske
Hunter,Boarleyson
Fiona,Grellis
Oriana,Broxton
Julian,Capozzi
Akim,Gannon
Nancie,Lefeaver
Holli,Riccione
Elyssa,Verduin
Bryon,Saltman
Frank,Robelet
Ilka,Wayne
Malachi,Jope
Garnet,Berggren
Rasla,Rickis
Ileana,Kester
Romy,Trapp
Dell,Scolland
Rhianna,Jaquet
Gabriel,Giddons
Wilek,Seif
Sayres,Broe
Floris,MacIntosh
Gregoire,Stanborough
Hakeem,D'Emanuele
Sarajane,Ledington
Analise,Pinckstone
Mervin,Ceaser
Cary,Anyon
Mellisa,Biermatowicz
Clarie,Ancketill
Edgard,Leverson
Rafi,Mouget
Shepherd,Keyho
Kiley,Cuell
Dicky,Gaspard
Erminia,Conor
Clifford,Grigorescu
Shaine,Dank
Allegra,Chesnut
Dominga,Hearle
Dorisa,Shenfish
Winne,Ship
Salem,Kellard
Roxi,De la Yglesias
Reggie,Ingleson
Pearl,Dosedale
Ervin,Suddock
Dag,Freke
Hermon,Dalgleish
Trev,Sach
Salomon,Conaboy
Hyacinthe,Liddard
Barny,Becket
Morse,Fisbey
Konstantin,Olenin
Siffre,Rime
Krystle,McClure
Dorian,Alston
Christophe,Brekonridge
Ben,Deakin
Sibyl,Ferie
Janna,Goldfinch
Feodor,Treweela
Junette,Gruby
Marta,Leonarde
Maddy,Blenkharn
Cecily,Mille
Edvard,Waumsley
Brit,Hazlegrove
Bell,Bockings
Janifer,Napoli
Trula,Rexworthy
Corilla,Daskiewicz
Cora,Buscombe
Eddie,Fortoun
Stanleigh,Pringell
Trescha,Accum
Aldo,Zuanelli
Lloyd,Jardein
Vitoria,Rouge
Cammy,Belsham
Carlee,Messum
Ellyn,Tenbrug
Bellanca,Cottesford
Peta,Brumham
Madison,Quinane
Forster,Meachan
Gabey,Beetlestone
Camille,Bollen
Joice,Vassay
Bess,Hercules
Lamond,Cordey
Vonny,Breitling
Rick,Brunning
Naoma,Jacobowits
Rosabel,Husby
Amerigo,Mapston
Biron,Philpott
Tallie,Armer
Christiana,Gooble
Collie,Scrancher
Jedd,Purkiss
Lawton,Crosseland
Viviana,Spikeings
Francklin,Perdue
Dwight,Handslip
Agnese,Camell
Emilio,Tunbridge
Doy,Chmiel
Marlena,Thursfield
Jordon,Searsby
Brandon,Healks
Adelice,Kurtis
Neddie,MacGraith
Adiana,Westrip
Gae,Roscher
Keir,Blazey
Hollis,Smallcomb
Kenton,Starten
Odelle,Mueller
Pattin,Manoch
Benjy,Signore
Madalena,Brotherhed
Felisha,Gregr
Thorstein,Senn
Julius,O' Cloney
Noe,Bluett
Lutero,Jeanesson
Tabbi,Foukx
Michell,Wrightson
Ly,Grimmett
Boony,Kynett
Maximilian,Earie
Karol,Holde
Jacobo,Sillett
Aeriel,Noods
Neal,Mulrenan
Ulla,Tracey
Penelope,Fairley
Flemming,Ingley
Maiga,Colliver
Rowe,Abethell
Domini,Goulbourn
Isabelita,Grund
Clarabelle,Hasluck
Anne-corinne,Fairholme
Frasco,Chatfield
Devin,Doherty
Rurik,Rahlof
Sheba,Shrive
Tudor,Wasiel
Velma,Hallyburton
Matteo,Luipold
Ethan,Graser
Kristine,Joselevitz
Terrance,Philippart
Janis,Richard
Ailis,Beckhouse
Katee,Jephcott
Sergent,Cockren
Fedora,Leer
Edwin,Shoesmith
Bradney,Barbary
Gaynor,Freiburger
Margalo,Wiltshear
Zollie,Hempshall
Hallie,Redon
Eleni,Gosnay
Gustie,Crocetto
Celinka,Goodlad
Irv,Loomis
Ardisj,Fagge
Lydon,Fairrie
Elden,Klauber
Lela,Lanchester
Kelbee,Dufton
Branden,Vaudin
Pearce,Overton
Lotti,Beare
Garreth,Woodcock
Connie,Coils
Shem,Berfoot
Ellyn,Wyllcocks
Paule,Davage
Aland,Slafford
Leisha,Plumbe
Augusto,Lambshine
Shaylyn,Dewer
Caye,Simper
Sharon,Pymer
Marni,Shrimplin
Laurie,Brave
Dawn,Pattisson
Saundra,Pedracci
Ruggiero,Rushbrooke
Gladi,Barkaway
Malena,Locket
Rolland,Morteo
Nada,Mummery
Hillary,Coxhell
Modestine,Hay
Kailey,Cowen
Uri,Guwer
Jacobo,Kiddle
Artemus,Zumbusch
Fowler,Goldin
Babita,Skeemor
Merlina,Sharplin
Latia,Awin
Lira,Gillespie
Georgetta,Merioth
Tiphani,Dimitrescu
Donelle,Friese
Elisha,Blaxill
Sapphira,Duncanson
Karen,Hansana
Eolande,Scrowson
Brennen,Bourchier
Terrye,McAviy
Kristoforo,Buchett
Gerek,Dadswell
Sheeree,Farndale
Kristofer,Escoffier
Ingar,Whittles
Anica,Berresford
Blayne,Venturoli
Thaddeus,Mattock
Kaitlynn,Sein
Marleen,Grosier
Monti,Kinner
Myrah,Whitlam
Cheston,Warlow
Jacquelynn,Jaan
Huberto,Kryszka
Casie,Plaunch
Ediva,Duetschens
Minta,Lotte
Giacinta,Biset
Haleigh,Andersen
Glen,Weed
Radcliffe,Underhill
Stan,Worrell
Devina,Birtwistle
Paulita,Helbeck
Netty,Kmiec
Kahaleel,Emmines
Gigi,Schwier
Clementine,McConnel
Melvin,Josipovitz
Aubree,Stronack
Welby,Litster
Minna,Clute
Marcella,Guye
Jodi,Whitmarsh
Tremaine,Usher
Aeriell,Copnall
Britney,Marks
Dorice,Lamkin
Rafaelita,Hards
Fiorenze,Cristea
Sanders,Farahar
Allard,Taggerty
Peirce,Mc Queen
Terry,Buller
Hayley,Tyght
Sauveur,Posvner
Ludvig,Hyett
Joelle,Reditt
Iris,Union
Filberte,Byles
Elysee,Carnachen
Marley,Gadson
Sherilyn,Sighard
Roshelle,Northwood
Noak,Colson
Zora,Bim
Lora,Larchier
Kalinda,Petroselli
Augustine,Sandle
Eben,Garritley
Felicio,Fabler
Netta,Pimbley
Poppy,Le Borgne
Gunter,Chesworth
Sylvia,Slany
Simone,Ameer-Beg
Christabel,Hullbrook
Edwin,Brodest
Beryl,Swetenham
Opaline,Slowley
Wilhelmina,Showers
Tiebold,Hanselman
Sandy,Deesly
Elonore,Esley
Decca,Singers
Gena,Sharply
Worthy,Tebbett
Olympe,Chooter
Paquito,Fargie
Nollie,Cordeux
Brigham,Heditch
Harriet,Minchinton
Daryl,Bagenal
Ardys,Candey
Ludovico,Bastard
Conny,Ferrige
Tome,Burness
Filip,Halpine
Parrnell,Nuzzi
Melony,Arnecke
Malchy,Phlippsen
Nathalie,Frankes
Patrica,Chillingworth
Brigg,Bertwistle
Maggy,Norway
Aime,Mansbridge
Emmet,Wythe
Berti,Eagell
Virginie,Itzkovici
Jesus,Cowlas
Alfredo,Mutch
Evita,Moran
Patty,Ballston
Ware,Mabe
Corena,Lowes
Yorker,Alishoner
Reeba,Cowern
Hagen,Kerbey
Adora,Potzold
Vikki,Exposito
Stan,Itchingham
Katharyn,Yewdale
Bil,Estcot
Teriann,Crass
Fawne,Haylor
Gibbie,Friday
Easter,Tonepohl
Feodora,Westman
Irvin,Eltune
Andreana,Doick
Kennan,Chastenet
Antonin,Drinkhill
Irwin,Restorick
Isaiah,Iwanowicz
Carita,Reardon
Calvin,Tyce
Artur,Mettericke
Hatty,O'Henecan
Holly,Osmon
Idelle,Alphege
Dulci,Cretney
Tommie,Esome
Stacie,Goldsworthy
Nowell,Rapi
Lauraine,Stares
Eddie,Fabbri
Brendan,Broxis
Demetria,O'Hartnett
Clemens,Pyffe
Mahmud,Jovicic
Eran,Wardlaw
Kania,Pregal
Alma,Cartmer
Cameron,Deering
Sindee,Glassman
Elita,Tucknutt
Whitney,Ivins
Elmo,Bayle
Camile,Ewins
Jodi,Hanhard
Jamison,Bennie
Peterus,Cayet
Dalli,Dominique
Margarette,De la Eglise
Rod,Giovanitti
Eunice,Hellyar
Nessy,Scottesmoor
Christie,Roget
Iain,Rowdell
Madeline,Deason
Wyatan,Cosans
Barnie,Hayle
Jayme,Schimoni
Lida,Malins
Cello,Cowderay
Sande,Hercock
Lotte,Duligal
Berny,Constable
Kelila,Tuvey
Stanislas,Vickarman
Tamarah,Rillstone
Dion,Hyslop
Mada,Archbutt
Aggie,Garbett
Trenton,Hehl
Cornelia,Mifflin
Connor,Fleis
Trenna,Leander
Mehetabel,Broadfoot
Britt,Jillins
Arlette,Robison
Antons,Reckhouse
Alyssa,Nottle
Adolf,Pyper
Hayden,Beyn
Cacilie,Hayfield
Sonni,Golde
Mathilda,Caslane
Kalina,Latek
Victor,Seeds
Tammie,Obell
Federico,Eaton
Bary,Wilcocks
Arley,Jobbings
Chrissie,Hinken
Perren,Tows
Catha,Dingate
Shayne,Symson
Patti,Henfre
Nickola,MacCawley
Kacie,Noury
Aggi,Pridie
Reuben,Trematick
Pru,Mushart
Tymon,Eacle
Krishna,Croft
Warren,MacKaig
Vite,Vlasenkov
Tiler,Skoof
Ania,Reynard
Colman,Hawksby
Cointon,Copestake
Lorant,Klaves
Jelene,Sleit
Yorgos,Podbury
Berkley,Shutt
Tedmund,Ropars
Ax,Cotter
Shir,Marchiso
Adoree,Vlasenkov
Britta,Tomaselli
Flossi,Danielczyk
Tedra,Gantzer
Asa,Marnes
Malory,Prestwich
Royall,MacCosty
Korney,Bigg
Arlie,Gini
Whitaker,Weddeburn - Scrimgeour
Arleta,Tanslie
Rianon,Dayes
Sofia,Arrighi
Alfie,Heads
Hamlen,Hazeltine
Rodrique,Lanbertoni
Abran,Petruskevich
Lanita,Weatherhead
Knox,Gamlin
Kelsey,Whoston
Jaime,Folbigg
Stephenie,Maun
Euell,Kettlestring
Penelopa,McClounan
Zoe,Crosson
Shermie,Angell
Edwina,Joreau
Galen,Blaxeland
Angel,Garlic
Chaddie,Wrate
Marcela,Nekrews
Bogart,Edward
Gabbie,Petkov
Anissa,Van Der Straaten
Peirce,Dairton
Duffie,Relfe
Hunter,Gircke
Alissa,Lorenzo
Carlyle,Martugin
Noel,Altree
Allix,Pabel
Jozef,Norcop
Moses,Ertel
Cris,Tranter
Glynn,Krink
Margo,Covet
Binny,Emanueli
Zedekiah,Pechard
Brade,Pimblett
Birch,Glencrash
Beverley,Devenish
Brynna,Jersh
Lorenzo,Lorroway
Reynard,Cicerone
Raven,Cardoe
Bernadene,Cavolini
Yetty,Shillabeer
Justin,Trustrie
Murielle,Scoggan
Kippar,Budden
Gregorius,Levene
Bette,Drewet
Layne,Woolfitt
Smith,Codd
Neila,Tokell
Maisie,Irons
Egor,Ballantine
Alphonso,White
Emilie,Arnholtz
Travus,Uden
Dagny,Rosie
Mitchael,Luttger
Nada,Jakab
Hetty,Cocking
Pattie,Bassill
Kalvin,Domegan
Flo,Mynard
Modesta,Rosenbusch
Connie,Lodder
Viviana,Jotham
Jackie,Bortolutti
Ban,Beamont
Kellsie,Grabeham
Sosanna,Weddup
Rachel,Morfey
Arlin,Ingerith
Marcel,Durrad
Kristien,Kester
Odey,Meechan
Crystal,Migheli
Gillie,Baigent
Jodie,Blaxton
Llywellyn,Wale
Candi,Morteo
Caddric,Maylor
Marcille,Hazeldine
Roz,Edmands
Anny,Rehme
Abramo,McCoughan
Magdalen,Daville
Raleigh,Dufoure
Kippy,Jess
Alma,O'Carroll
Salaidh,Grollmann
Editha,Mars
Luce,Capponer
Skip,Scatchard
Hollyanne,Rickards
Dede,Aitcheson
Fransisco,Gyorgy
Ethe,Castellaccio
Cherry,Champneys
Jeri,Mustarde
Bealle,Sainsberry
Paige,Vynall
Gregorius,Crutchley
Salomone,Josskowitz
Tootsie,Sieghart
Fran,Shall
Beckie,Durrance
Tynan,Skeene
Devondra,McMeekin
Curtis,Slesser
Jeromy,Baglin
Alex,Abrahams
Damaris,Proughten
Riobard,Liebermann
Irita,Shrimptone
Tyrus,Gillbee
Davis,Treend
Harv,Rattenbury
Munmro,Stronach
Kandace,Botfield
Tiebout,Sommers
Josefina,Fontanet
Elonore,Southern
Chloe,Jillitt
Alisha,Stronge
Ebba,Gerardot
Stevana,Dove
Ewen,Pratte
Kelsy,Kirstein
Christian,Mantrup
Wye,Gratrex
Katee,Willment
Daisy,Wiggam
Del,Giannini
Carver,Thecham
Ericha,Illsley
Rochester,Dosdale
Natalya,Veschambre
Kariotta,Bernardos
Johna,Khotler
Horatio,Bussetti
Hugo,Beswell
Cinnamon,Duffield
Wilhelm,Kendall
Shay,Dalwood
Welby,Chese
Hughie,Lucus
Garvey,Caustick
Abey,Muller
Donelle,Sawdon
Anna-diane,Cruddace
Lind,Lodder
Portie,Coppo
Matty,Spellsworth
Almeria,Agate
Appolonia,Crace
Jannel,Ioan
Carolee,Manifould
Nan,Luesley
Pris,McGinnell
Sherwynd,Luscott
Luigi,Daldan
Cirstoforo,Phillips
Helene,Gramer
Delmore,Stickens
Sascha,Oldroyd
Cristi,Cannicott
Jerrold,Foyster
Robby,Itskovitz
Merwyn,Gooderham
Amandi,Shilling
Pierrette,Ardling
Lisette,Brettelle
Ignace,Mechan
Kai,McAllister
Revkah,Howood
Verile,Kezor
Millard,Minton
Kelcy,Ewebank
Jeana,Kadar
Estele,Lewson
Aluino,Esson
Brandy,Whiscard
Shalom,Olle
Xenia,Garric
Valentia,Bather
Florrie,Paike
Jane,Robyns
Mead,Espinha
Charis,Sleney
Sanders,Lenden
Riannon,Legrave
Jammie,Goman
Abra,McMorland
Cass,Collingworth
Harrie,Gerrens
Stanfield,Shillam
Brose,Baskwell
Clayborn,Ladbury
Mureil,Eddow
Winnah,Pardon
Bobbie,McShirrie
Joeann,Cutill
Aggy,Riggoll
Evanne,Ferrieroi
Bald,Norman
Mortimer,Iaduccelli
Dinah,Witul
Tarrance,Marian
Blondy,Skill
Brok,Arndell
Meggie,Rau
Tibold,Knevit
Korey,Lehr
Katti,Redhead
Delbert,Creech
Madelon,Herion
Evvie,Sparkes
Chlo,Osmund
Lars,Gratrex
Darleen,Schleicher
Joly,Slite
Wendall,Lown
Atlante,Sposito
Eveleen,Delgado
Peria,Virr
Lori,Jaggi
Travis,Betjes
Brewster,Baston
Magnum,Bartel
Sephira,Wither
Saxe,Swynfen
Dietrich,Ligerton
Bibby,Le Houx
Russ,Stickler
Calley,Tomkies
Demetria,Poley
Everard,Healings
Ruttger,Waterworth
Brinna,Dax
Maddalena,Banbrigge
Davidson,Seyler
Judie,Wentworth
Kristin,Lipson
Paddie,Paget
Carmencita,Lundon
Francois,Kennet
Desiree,Dan
Mimi,Ottewill
Perkin,Maydway
Jerrie,Laugheran
Gladi,Gabriel
Elia,Petrovic
Linea,Piborn
Warner,Janusik
Bobinette,Petersen
Valencia,Butterick
Tucker,Houseman
Ophelia,Torrese
Wittie,Bircher
Aubine,Aspinall
Pembroke,Cosson
Gabrielle,Scoles
Luce,Rapsey
Gardy,Barles
Michaella,Roz
Rollie,Dewdney
Nicoline,Stansbury
Vaughan,Valente
Karim,Napton
Svend,Linton
Sid,Skaif
Loralie,Collyear
Hortense,Bixley
Gerrard,Geerits
Zoe,Falls
Caddric,Riggott
Grata,Lever
Dulcia,Limpricht
Hall,Stickles
Jozef,Bricklebank
Bary,Allain
Nicki,Stannard
Sylvia,Springford
Delaney,Lamerton
Danila,O'Dee
Edan,Grouvel
Patrizia,Coulsen
Ruthe,Tows
Babs,Antognozzii
Laurens,Eborall
Kippie,Cutcliffe
Lauretta,Osgar
Bryana,Galfour
Petronia,Sawyers
Rahel,Sprake
Lisha,Camacke
Bondon,L'Amie
Sawyere,Quantick
Durand,Dacey
Dixie,Mabb
Jacquette,Stanhope
Reece,Ormshaw
Kaitlynn,Speirs
Norine,Kalinowsky
Marietta,Pinniger
Jobye,Leverentz
Sophey,Rumbold
Alejoa,Mc Meekan
Ketti,Cheak
Margarethe,Murty
Johnathan,Robbe
Ruthanne,Markie
Rosemary,McCroft
Andre,Chattell
Bev,Duchasteau
Betteann,Rahill
Giacopo,Northall
Casey,Hankey
Brenn,Algar
Dasha,Blackley
Morgan,Sharpus
Olwen,Duigan
Almire,Yushkov
Correy,Cratchley
Tadio,Vasilic
Hamilton,Ajsik
Inesita,Bart
Hana,Jenne
Ramonda,Scrafton
Kit,Alishoner
Dewie,Saleway
Francisco,Micah
Caleb,Derkes
Goddart,Penlington
Dreddy,Smeeton
Jemmy,Jerrim
Luisa,Fatharly
Tamarah,Thompsett
Wat,Borsay
Pia,Lawday
Berkie,Shippard
Anitra,Dabling
Sinclair,Lazell
Tim,Karlicek
Anthe,Jain
Darlleen,Strathdee
Ripley,Bowmaker
Tarra,Mussettini
Ashly,Denis
Syd,Hanhardt
Jacintha,McKintosh
Myer,Taggert
Abramo,Bachman
Opalina,Kopmann
Deloris,Norquoy
Gregorio,Launder
Torry,Petschelt
Ardys,Bristowe
Lion,McCraw
Kienan,Petteford
Yehudi,Norcott
Cleon,Bradneck
Goraud,Hopfner
Vi,Gyde
Jessa,Deeny
Trstram,McSharry
Joletta,Clinning
Sergei,Venables
Lanni,Fieldhouse
Richard,Biddleston
Benedikt,Vaudin
Alwin,Stearndale
Ingeberg,Lathbury
Hewe,Cable
Eustace,Kesterton
Denny,Clitherow
Dino,Darnell
Silvio,Comiskey
Robinia,Espadate
Goldarina,Rogerot
Garrott,Brookton
Christal,Bolden
Sarena,Kulvear
Rianon,Wilkes
Giacinta,Gobbet
Harlene,Dunderdale
Godwin,Kira
Francisca,Westhoff
Aile,Borges
Joly,Gull
Phyllida,Mant
Nichols,Hanster
Goldina,MacLleese
Quinta,Yallowley
Kay,Obert
Cathi,Bird
Jens,Clemmens
Flossi,Ilchuk
Joelynn,Lamswood
Agnesse,Guion
Fidelia,Ternott
Cathlene,Bragginton
Eric,Tieman
Irina,Sunley
Gabi,Soar
Kinsley,Irdale
Delly,Ripsher
Merridie,Goublier
Flint,Criag
Evie,Scotchforth
Micheil,Leacy
Leigh,Irlam
Culley,Peare
Lara,Winney
Harland,Lydon
Wren,Brammer
Bronny,Devenport
Saxe,Chazelas
Angil,Roderick
Skipton,Faircley
Jessalin,Bozward
Hodge,Effnert
Nolie,Beacom
Aridatha,Capelow
Onfre,Haggidon
Kaleb,Maseres
Codee,Hawyes
Whitney,Fisbey
Nancey,Van Salzberger
Cyrille,Vasyunin
Vin,Jeayes
Karl,Culcheth
Wilma,Rennels
Virgilio,Macias
Lief,Beville
Oralla,Abramson
Domeniga,Clappson
Cosimo,McVicker
Rudie,Dykes
Ives,Cummine
Dionysus,Wheater
Cirillo,Howsden
Oswell,Perrottet
Annabella,MacShane
Vivyanne,Wrigglesworth
Rodger,Wloch
Christel,Kelinge
Raphaela,Christophers
Frazier,Findlow
Danny,Paolo
Florry,Delea
Mattie,Bernakiewicz
Sydney,Hovee
Tabby,Bachshell
Phyllys,Offill
Mackenzie,McGee
Mar,Olander
Gisella,Agus
Marsh,Cuell
Sapphire,Brandham
Elli,Spears
Ealasaid,Bastiman
Scarlett,Dutchburn
Gui,Woodford
Bonnie,Fransewich
Wilhelm,Archibold
Felisha,Conti
Erich,Yglesias
Joelie,Cosely
Belinda,Dorney
Keefer,Siehard
Didi,Pimlett
Faustine,MacDermott
Ruby,Arons
Margaretta,Wegener
Raye,Matovic
Burnard,Queen
Kristoforo,McFayden
Alethea,Mandre
Gordie,Polendine
Jermain,Swalwel
Derby,Kenningley
Daryl,Purse
Errol,Bondar
Miguel,Clough
Brigg,Krysiak
Gussi,Kalisch
Lebbie,Lomansey
Gregoor,Buggy
Nathan,Whitehouse
Crystal,Vennart
Bradford,Vlahos
Mickie,Arias
Patti,Flack
Codie,Armfirld
Jenine,Hitschke
Garth,Sevitt
Dion,Kabsch
Gibby,Livingston
Padraig,Gurden
Lyda,Rhead
Sandy,Raccio
Binnie,Shearman
Bryn,Jakovijevic
Terry,Piscot
Merrielle,Cramphorn
Alvin,Raulin
Lindy,Aucourte
Quincy,Ugolini
Mead,Ninnotti
Shelli,Landsman
Brietta,Skilling
Lu,Dalley
Anissa,Bouzek
Atalanta,Oswal
Earvin,Coxon
Mercedes,Seydlitz
Joya,Simic
Stanleigh,Stainer
Noby,Yakuntzov
Ilka,Ast
Jacky,MacCaughey
Leonerd,Canfield
Vannie,Ronisch
Max,Aronoff
Eldin,Annwyl
Guenevere,Stirman
Tonie,Gaythorpe
Eddie,Barg
Donnell,Allebone
Dareen,O'Cooney
Chelsea,Kennet
Jasmin,Gooderson
Almeda,Kinnoch
Cyndie,Lamberts
Robinet,McCunn
Chas,Rey
Kerwin,Myrick
Kaine,Rosso
Harriott,Dobbings
Davon,Cunradi
Paxton,Bluschke
Zackariah,Shermore
Rowland,Davison
Nevins,Gierck
Cristina,Payle
Everard,Deniske
Hunter,Boarleyson
Fiona,Grellis
Oriana,Broxton
Julian,Capozzi
Akim,Gannon
Nancie,Lefeaver
Holli,Riccione
Elyssa,Verduin
Bryon,Saltman
Frank,Robelet
Ilka,Wayne
Malachi,Jope
Garnet,Berggren
Rasla,Rickis
Ileana,Kester
Romy,Trapp
Dell,Scolland
Rhianna,Jaquet
Gabriel,Giddons
Wilek,Seif
Sayres,Broe
Floris,MacIntosh
Gregoire,Stanborough
Hakeem,D'Emanuele
Sarajane,Ledington
Analise,Pinckstone
Mervin,Ceaser
Cary,Anyon
Mellisa,Biermatowicz
Clarie,Ancketill
Edgard,Leverson
Rafi,Mouget
Shepherd,Keyho
Kiley,Cuell
Dicky,Gaspard
Erminia,Conor
Clifford,Grigorescu
Shaine,Dank
Allegra,Chesnut
Dominga,Hearle
Dorisa,Shenfish
Winne,Ship
Salem,Kellard
Roxi,De la Yglesias
Reggie,Ingleson
Pearl,Dosedale
Ervin,Suddock
Dag,Freke
Hermon,Dalgleish
Trev,Sach
Salomon,Conaboy
Hyacinthe,Liddard
Barny,Becket
Morse,Fisbey
Konstantin,Olenin
Siffre,Rime
Krystle,McClure
Dorian,Alston
Christophe,Brekonridge
Ben,Deakin
Sibyl,Ferie
Janna,Goldfinch
Feodor,Treweela
Junette,Gruby
Marta,Leonarde
Maddy,Blenkharn
Cecily,Mille
Edvard,Waumsley
Brit,Hazlegrove
Bell,Bockings
Janifer,Napoli
Trula,Rexworthy
Corilla,Daskiewicz
Cora,Buscombe
Eddie,Fortoun
Stanleigh,Pringell
Trescha,Accum
Aldo,Zuanelli
Lloyd,Jardein
Vitoria,Rouge
Cammy,Belsham
Carlee,Messum
Ellyn,Tenbrug
Bellanca,Cottesford
Peta,Brumham
Madison,Quinane
Forster,Meachan
Gabey,Beetlestone
Camille,Bollen
Joice,Vassay
Bess,Hercules
Lamond,Cordey
Vonny,Breitling
Rick,Brunning
Naoma,Jacobowits
Rosabel,Husby
Amerigo,Mapston
Biron,Philpott
Tallie,Armer
Christiana,Gooble
Collie,Scrancher
Jedd,Purkiss
Lawton,Crosseland
Viviana,Spikeings
Francklin,Perdue
Dwight,Handslip
Agnese,Camell
Emilio,Tunbridge
Doy,Chmiel
Marlena,Thursfield
Jordon,Searsby
Brandon,Healks
Adelice,Kurtis
Neddie,MacGraith
Adiana,Westrip
Gae,Roscher
Keir,Blazey
Hollis,Smallcomb
Kenton,Starten
Odelle,Mueller
Pattin,Manoch
Benjy,Signore
Madalena,Brotherhed
Felisha,Gregr
Thorstein,Senn
Julius,O' Cloney
Noe,Bluett
Lutero,Jeanesson
Tabbi,Foukx
Michell,Wrightson
Ly,Grimmett
Boony,Kynett
Maximilian,Earie
Karol,Holde
Jacobo,Sillett
Aeriel,Noods
Neal,Mulrenan
Ulla,Tracey
Penelope,Fairley
Flemming,Ingley
Maiga,Colliver
Rowe,Abethell
Domini,Goulbourn
Isabelita,Grund
Clarabelle,Hasluck
Anne-corinne,Fairholme
Frasco,Chatfield
Devin,Doherty
Rurik,Rahlof
Sheba,Shrive
Tudor,Wasiel
Velma,Hallyburton
Matteo,Luipold
Ethan,Graser
Kristine,Joselevitz
Terrance,Philippart
Janis,Richard
Ailis,Beckhouse
Katee,Jephcott
Sergent,Cockren
Fedora,Leer
Edwin,Shoesmith
Bradney,Barbary
Gaynor,Freiburger
Margalo,Wiltshear
Zollie,Hempshall
Hallie,Redon
Eleni,Gosnay
Gustie,Crocetto
Celinka,Goodlad
Irv,Loomis
Ardisj,Fagge
Lydon,Fairrie
Elden,Klauber
Lela,Lanchester
Kelbee,Dufton
Branden,Vaudin
Pearce,Overton
Lotti,Beare
Garreth,Woodcock
Connie,Coils
Shem,Berfoot
Ellyn,Wyllcocks
Paule,Davage
Aland,Slafford
Leisha,Plumbe
Augusto,Lambshine
Shaylyn,Dewer
Caye,Simper
Sharon,Pymer
Marni,Shrimplin
Laurie,Brave
Dawn,Pattisson
Saundra,Pedracci
Ruggiero,Rushbrooke
Gladi,Barkaway
Malena,Locket
Rolland,Morteo
Nada,Mummery
Hillary,Coxhell
Modestine,Hay
Kailey,Cowen
Uri,Guwer
Jacobo,Kiddle
Artemus,Zumbusch
Fowler,Goldin
Babita,Skeemor
Merlina,Sharplin
Latia,Awin
Lira,Gillespie
Georgetta,Merioth
Tiphani,Dimitrescu
Donelle,Friese
Elisha,Blaxill
Sapphira,Duncanson
Karen,Hansana
Eolande,Scrowson
Brennen,Bourchier
Terrye,McAviy
Kristoforo,Buchett
Gerek,Dadswell
Sheeree,Farndale
Kristofer,Escoffier
Ingar,Whittles
Anica,Berresford
Blayne,Venturoli
Thaddeus,Mattock
Kaitlynn,Sein
Marleen,Grosier
Monti,Kinner
Myrah,Whitlam
Cheston,Warlow
Jacquelynn,Jaan
Huberto,Kryszka
Casie,Plaunch
Ediva,Duetschens
Minta,Lotte
Giacinta,Biset
Haleigh,Andersen
Glen,Weed
Radcliffe,Underhill
Stan,Worrell
Devina,Birtwistle
Paulita,Helbeck
Netty,Kmiec
Kahaleel,Emmines
Gigi,Schwier
Clementine,McConnel
Melvin,Josipovitz
Aubree,Stronack
Welby,Litster
Minna,Clute
Marcella,Guye
Jodi,Whitmarsh
Tremaine,Usher
Aeriell,Copnall
Britney,Marks
Dorice,Lamkin
Rafaelita,Hards
Fiorenze,Cristea
Sanders,Farahar
Allard,Taggerty
Peirce,Mc Queen
Terry,Buller
Hayley,Tyght
Sauveur,Posvner
Ludvig,Hyett
Joelle,Reditt
Iris,Union
Filberte,Byles
Elysee,Carnachen
Marley,Gadson
Sherilyn,Sighard
Roshelle,Northwood
Noak,Colson
Zora,Bim
Lora,Larchier
Kalinda,Petroselli
Augustine,Sandle
Eben,Garritley
Felicio,Fabler
Netta,Pimbley
Poppy,Le Borgne
Gunter,Chesworth
Sylvia,Slany
Simone,Ameer-Beg
Christabel,Hullbrook
Edwin,Brodest
Beryl,Swetenham
Opaline,Slowley
Wilhelmina,Showers
Tiebold,Hanselman
Sandy,Deesly
Elonore,Esley
Decca,Singers
Gena,Sharply
Worthy,Tebbett
Olympe,Chooter
Paquito,Fargie
Nollie,Cordeux
Brigham,Heditch
Harriet,Minchinton
Daryl,Bagenal
Ardys,Candey
Ludovico,Bastard
Conny,Ferrige
Tome,Burness
Filip,Halpine
Parrnell,Nuzzi
Melony,Arnecke
Malchy,Phlippsen
Nathalie,Frankes
Patrica,Chillingworth
Brigg,Bertwistle
Maggy,Norway
Aime,Mansbridge
Emmet,Wythe
Berti,Eagell
Virginie,Itzkovici
Jesus,Cowlas
Alfredo,Mutch
Evita,Moran
Patty,Ballston
Ware,Mabe
Corena,Lowes
Yorker,Alishoner
Reeba,Cowern
Hagen,Kerbey
Adora,Potzold
Vikki,Exposito
Stan,Itchingham
Katharyn,Yewdale
Bil,Estcot
Teriann,Crass
Fawne,Haylor
Gibbie,Friday
Easter,Tonepohl
Feodora,Westman
Irvin,Eltune
Andreana,Doick
Kennan,Chastenet
Antonin,Drinkhill
Irwin,Restorick
Isaiah,Iwanowicz
Carita,Reardon
Calvin,Tyce
Artur,Mettericke
Hatty,O'Henecan
Holly,Osmon
Idelle,Alphege
Dulci,Cretney
Tommie,Esome
Stacie,Goldsworthy
Nowell,Rapi
Lauraine,Stares
Eddie,Fabbri
Brendan,Broxis
Demetria,O'Hartnett
Clemens,Pyffe
Mahmud,Jovicic
Eran,Wardlaw
Kania,Pregal
Alma,Cartmer
Cameron,Deering
Sindee,Glassman
Elita,Tucknutt
Whitney,Ivins
Elmo,Bayle
Camile,Ewins
Jodi,Hanhard
Jamison,Bennie
Peterus,Cayet
Dalli,Dominique
Margarette,De la Eglise
Rod,Giovanitti
Eunice,Hellyar
Nessy,Scottesmoor
Christie,Roget
Iain,Rowdell
Madeline,Deason
Wyatan,Cosans
Barnie,Hayle
Jayme,Schimoni
Lida,Malins
Cello,Cowderay
Sande,Hercock
Lotte,Duligal
Berny,Constable
Kelila,Tuvey
Stanislas,Vickarman
Tamarah,Rillstone
Dion,Hyslop
Mada,Archbutt
Aggie,Garbett
Trenton,Hehl
Cornelia,Mifflin
Connor,Fleis
Trenna,Leander
Mehetabel,Broadfoot
Britt,Jillins
Arlette,Robison
Antons,Reckhouse
Alyssa,Nottle
Adolf,Pyper
Hayden,Beyn
Cacilie,Hayfield
Sonni,Golde
Mathilda,Caslane
Kalina,Latek
Victor,Seeds
Tammie,Obell
Federico,Eaton
Bary,Wilcocks
Arley,Jobbings
Chrissie,Hinken
Perren,Tows
Catha,Dingate
Shayne,Symson
Patti,Henfre
Nickola,MacCawley
Kacie,Noury
Aggi,Pridie
Reuben,Trematick
Pru,Mushart
Tymon,Eacle
Krishna,Croft
Warren,MacKaig
Vite,Vlasenkov
Tiler,Skoof
Ania,Reynard
Colman,Hawksby
Cointon,Copestake
Lorant,Klaves
Jelene,Sleit
Yorgos,Podbury
Berkley,Shutt
Tedmund,Ropars
Ax,Cotter
Shir,Marchiso
Adoree,Vlasenkov
Britta,Tomaselli
Flossi,Danielczyk
Tedra,Gantzer
Asa,Marnes
Malory,Prestwich
Royall,MacCosty
Korney,Bigg
Arlie,Gini
Whitaker,Weddeburn - Scrimgeour
Arleta,Tanslie
Rianon,Dayes
Sofia,Arrighi
Alfie,Heads
Hamlen,Hazeltine
Rodrique,Lanbertoni
Abran,Petruskevich
Lanita,Weatherhead
Knox,Gamlin
Kelsey,Whoston
Jaime,Folbigg
Stephenie,Maun
Euell,Kettlestring
Penelopa,McClounan
Zoe,Crosson
Shermie,Angell
Edwina,Joreau
Galen,Blaxeland
Angel,Garlic
Chaddie,Wrate
Marcela,Nekrews
Bogart,Edward
Gabbie,Petkov
Anissa,Van Der Straaten
Peirce,Dairton
Duffie,Relfe
Hunter,Gircke
Alissa,Lorenzo
Carlyle,Martugin
Noel,Altree
Allix,Pabel
Jozef,Norcop
Moses,Ertel
Cris,Tranter
Glynn,Krink
Margo,Covet
Binny,Emanueli
Zedekiah,Pechard
Brade,Pimblett
Birch,Glencrash
Beverley,Devenish
Brynna,Jersh
Lorenzo,Lorroway
Reynard,Cicerone
Raven,Cardoe
Bernadene,Cavolini
Yetty,Shillabeer
Justin,Trustrie
Murielle,Scoggan
Kippar,Budden
Gregorius,Levene
Bette,Drewet
Layne,Woolfitt
Smith,Codd
Neila,Tokell
Maisie,Irons
Egor,Ballantine
Alphonso,White
Emilie,Arnholtz
Travus,Uden
Dagny,Rosie
Mitchael,Luttger
Nada,Jakab
Hetty,Cocking
Pattie,Bassill
Kalvin,Domegan
Flo,Mynard
Modesta,Rosenbusch
Connie,Lodder
Viviana,Jotham
Jackie,Bortolutti
Ban,Beamont
Kellsie,Grabeham
Sosanna,Weddup
Rachel,Morfey
Arlin,Ingerith
Marcel,Durrad
Kristien,Kester
Odey,Meechan
Crystal,Migheli
Gillie,Baigent
Jodie,Blaxton
Llywellyn,Wale
Candi,Morteo
Caddric,Maylor
Marcille,Hazeldine
Roz,Edmands
Anny,Rehme
Abramo,McCoughan
Magdalen,Daville
Raleigh,Dufoure
Kippy,Jess
Alma,O'Carroll
Salaidh,Grollmann
Editha,Mars
Luce,Capponer
Skip,Scatchard
Hollyanne,Rickards
Dede,Aitcheson
Fransisco,Gyorgy
Ethe,Castellaccio
Cherry,Champneys
Jeri,Mustarde
Bealle,Sainsberry
Paige,Vynall
Gregorius,Crutchley
Salomone,Josskowitz
Tootsie,Sieghart
Fran,Shall
Beckie,Durrance
Tynan,Skeene
Devondra,McMeekin
Curtis,Slesser
Jeromy,Baglin
Alex,Abrahams
Damaris,Proughten
Riobard,Liebermann
Irita,Shrimptone
Tyrus,Gillbee
Davis,Treend
Harv,Rattenbury
Munmro,Stronach
Kandace,Botfield
Tiebout,Sommers
Josefina,Fontanet
Elonore,Southern
Chloe,Jillitt
Alisha,Stronge
Ebba,Gerardot
Stevana,Dove
Ewen,Pratte
Kelsy,Kirstein
Christian,Mantrup
Wye,Gratrex
Katee,Willment
Daisy,Wiggam
Del,Giannini
Carver,Thecham
Ericha,Illsley
Rochester,Dosdale
Natalya,Veschambre
Kariotta,Bernardos
Johna,Khotler
Horatio,Bussetti
Hugo,Beswell
Cinnamon,Duffield
Wilhelm,Kendall
Shay,Dalwood
Welby,Chese
Hughie,Lucus
Garvey,Caustick
Abey,Muller
Donelle,Sawdon
Anna-diane,Cruddace
Lind,Lodder
Portie,Coppo
Matty,Spellsworth
Almeria,Agate
Appolonia,Crace
Jannel,Ioan
Carolee,Manifould
Nan,Luesley
Pris,McGinnell
Sherwynd,Luscott
Luigi,Daldan
Cirstoforo,Phillips
Helene,Gramer
Delmore,Stickens
Sascha,Oldroyd
Cristi,Cannicott
Jerrold,Foyster
Robby,Itskovitz
Merwyn,Gooderham
Amandi,Shilling
Pierrette,Ardling
Lisette,Brettelle
Ignace,Mechan
Kai,McAllister
Revkah,Howood
Verile,Kezor
Millard,Minton
Kelcy,Ewebank
Jeana,Kadar
Estele,Lewson
Aluino,Esson
Brandy,Whiscard
Shalom,Olle
Xenia,Garric
Valentia,Bather
Florrie,Paike
Jane,Robyns
Mead,Espinha
Charis,Sleney
Sanders,Lenden
Riannon,Legrave
Jammie,Goman
Abra,McMorland
Cass,Collingworth
Harrie,Gerrens
Stanfield,Shillam
Brose,Baskwell
Clayborn,Ladbury
Mureil,Eddow
Winnah,Pardon
Bobbie,McShirrie
Joeann,Cutill
Aggy,Riggoll
Evanne,Ferrieroi
Bald,Norman
Mortimer,Iaduccelli
Dinah,Witul
Tarrance,Marian
Blondy,Skill
Brok,Arndell
Meggie,Rau
Tibold,Knevit
Korey,Lehr
Katti,Redhead
Delbert,Creech
Madelon,Herion
Evvie,Sparkes
Chlo,Osmund
Lars,Gratrex
Darleen,Schleicher
Joly,Slite
Wendall,Lown
Atlante,Sposito
Eveleen,Delgado
Peria,Virr
Lori,Jaggi
Travis,Betjes
Brewster,Baston
Magnum,Bartel
Sephira,Wither
Saxe,Swynfen
Dietrich,Ligerton
Bibby,Le Houx
Russ,Stickler
Calley,Tomkies
Demetria,Poley
Everard,Healings
Ruttger,Waterworth
Brinna,Dax
Maddalena,Banbrigge
Davidson,Seyler
Judie,Wentworth
Kristin,Lipson
Paddie,Paget
Carmencita,Lundon
Francois,Kennet
Desiree,Dan
Mimi,Ottewill
Perkin,Maydway
Jerrie,Laugheran
Gladi,Gabriel
Elia,Petrovic
Linea,Piborn
Warner,Janusik
Bobinette,Petersen
Valencia,Butterick
Tucker,Houseman
Ophelia,Torrese
Wittie,Bircher
Aubine,Aspinall
Pembroke,Cosson
Gabrielle,Scoles
Luce,Rapsey
Gardy,Barles
Michaella,Roz
Rollie,Dewdney
Nicoline,Stansbury
Vaughan,Valente
Karim,Napton
Svend,Linton
Sid,Skaif
Loralie,Collyear
Hortense,Bixley
Gerrard,Geerits
Zoe,Falls
Caddric,Riggott
Grata,Lever
Dulcia,Limpricht
Hall,Stickles
Jozef,Bricklebank
Bary,Allain
Nicki,Stannard
Sylvia,Springford
Delaney,Lamerton
Danila,O'Dee
Edan,Grouvel
Patrizia,Coulsen
Ruthe,Tows
Babs,Antognozzii
Laurens,Eborall
Kippie,Cutcliffe
Lauretta,Osgar
Bryana,Galfour
Petronia,Sawyers
Rahel,Sprake
Lisha,Camacke
Bondon,L'Amie
Sawyere,Quantick
Durand,Dacey
Dixie,Mabb
Jacquette,Stanhope
Reece,Ormshaw
Kaitlynn,Speirs
Norine,Kalinowsky
Marietta,Pinniger
Jobye,Leverentz
Sophey,Rumbold
Alejoa,Mc Meekan
Ketti,Cheak
Margarethe,Murty
Johnathan,Robbe
Ruthanne,Markie
Rosemary,McCroft
Andre,Chattell
Bev,Duchasteau
Betteann,Rahill
Giacopo,Northall
Casey,Hankey
Brenn,Algar
Dasha,Blackley
Morgan,Sharpus
Olwen,Duigan
Almire,Yushkov
Correy,Cratchley
Tadio,Vasilic
Hamilton,Ajsik
Inesita,Bart
Hana,Jenne
Ramonda,Scrafton
Kit,Alishoner
Dewie,Saleway
Francisco,Micah
Caleb,Derkes
Goddart,Penlington
Dreddy,Smeeton
Jemmy,Jerrim
Luisa,Fatharly
Tamarah,Thompsett
Wat,Borsay
Pia,Lawday
Berkie,Shippard
Anitra,Dabling
Sinclair,Lazell
Tim,Karlicek
Anthe,Jain
Darlleen,Strathdee
Ripley,Bowmaker
Tarra,Mussettini
Ashly,Denis
Syd,Hanhardt
Jacintha,McKintosh
Myer,Taggert
Abramo,Bachman
Opalina,Kopmann
Deloris,Norquoy
Gregorio,Launder
Torry,Petschelt
Ardys,Bristowe
Lion,McCraw
Kienan,Petteford
Yehudi,Norcott
Cleon,Bradneck
Goraud,Hopfner
Vi,Gyde
Jessa,Deeny
Trstram,McSharry
Joletta,Clinning
Sergei,Venables
Lanni,Fieldhouse
Richard,Biddleston
Benedikt,Vaudin
Alwin,Stearndale
Ingeberg,Lathbury
Hewe,Cable
Eustace,Kesterton
Denny,Clitherow
Dino,Darnell
Silvio,Comiskey
Robinia,Espadate
Goldarina,Rogerot
Garrott,Brookton
Christal,Bolden
Sarena,Kulvear
Rianon,Wilkes
Giacinta,Gobbet
Harlene,Dunderdale
Godwin,Kira
Francisca,Westhoff
Aile,Borges
Joly,Gull
Phyllida,Mant
Nichols,Hanster
Goldina,MacLleese
Quinta,Yallowley
Kay,Obert
Cathi,Bird
Jens,Clemmens
Flossi,Ilchuk
Joelynn,Lamswood
Agnesse,Guion
Fidelia,Ternott
Cathlene,Bragginton
Eric,Tieman
Irina,Sunley
Gabi,Soar
Kinsley,Irdale
Delly,Ripsher
Merridie,Goublier
Flint,Criag
Evie,Scotchforth
Micheil,Leacy
Leigh,Irlam
Culley,Peare
Lara,Winney
Harland,Lydon
Wren,Brammer
Bronny,Devenport
Saxe,Chazelas
Angil,Roderick
Skipton,Faircley
Jessalin,Bozward
Hodge,Effnert
Nolie,Beacom
Aridatha,Capelow
Onfre,Haggidon
Kaleb,Maseres
Codee,Hawyes
Whitney,Fisbey
Nancey,Van Salzberger
Cyrille,Vasyunin
Vin,Jeayes
Karl,Culcheth
Wilma,Rennels
Virgilio,Macias
Lief,Beville
Oralla,Abramson
Domeniga,Clappson
Cosimo,McVicker
Rudie,Dykes
Ives,Cummine
Dionysus,Wheater
Cirillo,Howsden
Oswell,Perrottet
Annabella,MacShane
Vivyanne,Wrigglesworth
Rodger,Wloch
Christel,Kelinge
Raphaela,Christophers
Frazier,Findlow
Danny,Paolo
Florry,Delea
Mattie,Bernakiewicz
Sydney,Hovee
Tabby,Bachshell
Phyllys,Offill
Mackenzie,McGee
Mar,Olander
Gisella,Agus
Marsh,Cuell
Sapphire,Brandham
Elli,Spears
Ealasaid,Bastiman
Scarlett,Dutchburn
Gui,Woodford
Bonnie,Fransewich
Wilhelm,Archibold
Felisha,Conti
Erich,Yglesias
Joelie,Cosely
Belinda,Dorney
Keefer,Siehard
Didi,Pimlett
Faustine,MacDermott
Ruby,Arons
Margaretta,Wegener
Raye,Matovic
Burnard,Queen
Kristoforo,McFayden
Alethea,Mandre
Gordie,Polendine
Jermain,Swalwel
Derby,Kenningley
Daryl,Purse
Errol,Bondar
Miguel,Clough
Brigg,Krysiak
Gussi,Kalisch
Lebbie,Lomansey
Gregoor,Buggy
Nathan,Whitehouse
Crystal,Vennart
Bradford,Vlahos
Mickie,Arias
Patti,Flack
Codie,Armfirld
Jenine,Hitschke
Garth,Sevitt
Dion,Kabsch
Gibby,Livingston
Padraig,Gurden
Lyda,Rhead
Sandy,Raccio
Binnie,Shearman
Bryn,Jakovijevic
Terry,Piscot
Merrielle,Cramphorn
Alvin,Raulin
Lindy,Aucourte
Quincy,Ugolini
Mead,Ninnotti
Shelli,Landsman
Brietta,Skilling
Lu,Dalley
Anissa,Bouzek
Atalanta,Oswal
Earvin,Coxon
Mercedes,Seydlitz
Joya,Simic
Stanleigh,Stainer
Noby,Yakuntzov
Ilka,Ast
Jacky,MacCaughey
Leonerd,Canfield
Vannie,Ronisch
Max,Aronoff
Eldin,Annwyl
Guenevere,Stirman
Tonie,Gaythorpe
Eddie,Barg
Donnell,Allebone
Dareen,O'Cooney
Chelsea,Kennet
Jasmin,Gooderson
Almeda,Kinnoch
Cyndie,Lamberts
Robinet,McCunn
Chas,Rey
Kerwin,Myrick
Kaine,Rosso
Harriott,Dobbings
Davon,Cunradi
Paxton,Bluschke
Zackariah,Shermore
Rowland,Davison
Nevins,Gierck
Cristina,Payle
Everard,Deniske
Hunter,Boarleyson
Fiona,Grellis
Oriana,Broxton
Julian,Capozzi
Akim,Gannon
Nancie,Lefeaver
Holli,Riccione
Elyssa,Verduin
Bryon,Saltman
Frank,Robelet
Ilka,Wayne
Malachi,Jope
Garnet,Berggren
Rasla,Rickis
Ileana,Kester
Romy,Trapp
Dell,Scolland
Rhianna,Jaquet
Gabriel,Giddons
Wilek,Seif
Sayres,Broe
Floris,MacIntosh
Gregoire,Stanborough
Hakeem,D'Emanuele
Sarajane,Ledington
Analise,Pinckstone
Mervin,Ceaser
Cary,Anyon
Mellisa,Biermatowicz
Clarie,Ancketill
Edgard,Leverson
Rafi,Mouget
Shepherd,Keyho
Kiley,Cuell
Dicky,Gaspard
Erminia,Conor
Clifford,Grigorescu
Shaine,Dank
Allegra,Chesnut
Dominga,Hearle
Dorisa,Shenfish
Winne,Ship
Salem,Kellard
Roxi,De la Yglesias
Reggie,Ingleson
Pearl,Dosedale
Ervin,Suddock
Dag,Freke
Hermon,Dalgleish
Trev,Sach
Salomon,Conaboy
Hyacinthe,Liddard
Barny,Becket
Morse,Fisbey
Konstantin,Olenin
Siffre,Rime
Krystle,McClure
Dorian,Alston
Christophe,Brekonridge
Ben,Deakin
Sibyl,Ferie
Janna,Goldfinch
Feodor,Treweela
Junette,Gruby
Marta,Leonarde
Maddy,Blenkharn
Cecily,Mille
Edvard,Waumsley
Brit,Hazlegrove
Bell,Bockings
Janifer,Napoli
Trula,Rexworthy
Corilla,Daskiewicz
Cora,Buscombe
Eddie,Fortoun
Stanleigh,Pringell
Trescha,Accum
Aldo,Zuanelli
Lloyd,Jardein
Vitoria,Rouge
Cammy,Belsham
Carlee,Messum
Ellyn,Tenbrug
Bellanca,Cottesford
Peta,Brumham
Madison,Quinane
Forster,Meachan
Gabey,Beetlestone
Camille,Bollen
Joice,Vassay
Bess,Hercules
Lamond,Cordey
Vonny,Breitling
Rick,Brunning
Naoma,Jacobowits
Rosabel,Husby
Amerigo,Mapston
Biron,Philpott
Tallie,Armer
Christiana,Gooble
Collie,Scrancher
Jedd,Purkiss
Lawton,Crosseland
Viviana,Spikeings
Francklin,Perdue
Dwight,Handslip
Agnese,Camell
Emilio,Tunbridge
Doy,Chmiel
Marlena,Thursfield
Jordon,Searsby
Brandon,Healks
Adelice,Kurtis
Neddie,MacGraith
Adiana,Westrip
Gae,Roscher
Keir,Blazey
Hollis,Smallcomb
Kenton,Starten
Odelle,Mueller
Pattin,Manoch
Benjy,Signore
Madalena,Brotherhed
Felisha,Gregr
Thorstein,Senn
Julius,O' Cloney
Noe,Bluett
Lutero,Jeanesson
Tabbi,Foukx
Michell,Wrightson
Ly,Grimmett
Boony,Kynett
Maximilian,Earie
Karol,Holde
Jacobo,Sillett
Aeriel,Noods
Neal,Mulrenan
Ulla,Tracey
Penelope,Fairley
Flemming,Ingley
Maiga,Colliver
Rowe,Abethell
Domini,Goulbourn
Isabelita,Grund
Clarabelle,Hasluck
Anne-corinne,Fairholme
Frasco,Chatfield
Devin,Doherty
Rurik,Rahlof
Sheba,Shrive
Tudor,Wasiel
Velma,Hallyburton
Matteo,Luipold
Ethan,Graser
Kristine,Joselevitz
Terrance,Philippart
Janis,Richard
Ailis,Beckhouse
Katee,Jephcott
Sergent,Cockren
Fedora,Leer
Edwin,Shoesmith
Bradney,Barbary
Gaynor,Freiburger
Margalo,Wiltshear
Zollie,Hempshall
Hallie,Redon
Eleni,Gosnay
Gustie,Crocetto
Celinka,Goodlad
Irv,Loomis
Ardisj,Fagge
Lydon,Fairrie
Elden,Klauber
Lela,Lanchester
Kelbee,Dufton
Branden,Vaudin
Pearce,Overton
Lotti,Beare
Garreth,Woodcock
Connie,Coils
Shem,Berfoot
Ellyn,Wyllcocks
Paule,Davage
Aland,Slafford
Leisha,Plumbe
Augusto,Lambshine
Shaylyn,Dewer
Caye,Simper
Sharon,Pymer
Marni,Shrimplin
Laurie,Brave
Dawn,Pattisson
Saundra,Pedracci
Ruggiero,Rushbrooke
Gladi,Barkaway
Malena,Locket
Rolland,Morteo
Nada,Mummery
Hillary,Coxhell
Modestine,Hay
Kailey,Cowen
Uri,Guwer
Jacobo,Kiddle
Artemus,Zumbusch
Fowler,Goldin
Babita,Skeemor
Merlina,Sharplin
Latia,Awin
Lira,Gillespie
Georgetta,Merioth
Tiphani,Dimitrescu
Donelle,Friese
Elisha,Blaxill
Sapphira,Duncanson
Karen,Hansana
Eolande,Scrowson
Brennen,Bourchier
Terrye,McAviy
Kristoforo,Buchett
Gerek,Dadswell
Sheeree,Farndale
Kristofer,Escoffier
Ingar,Whittles
Anica,Berresford
Blayne,Venturoli
Thaddeus,Mattock
Kaitlynn,Sein
Marleen,Grosier
Monti,Kinner
Myrah,Whitlam
Cheston,Warlow
Jacquelynn,Jaan
Huberto,Kryszka
Casie,Plaunch
Ediva,Duetschens
Minta,Lotte
Giacinta,Biset
Haleigh,Andersen
Glen,Weed
Radcliffe,Underhill
Stan,Worrell
Devina,Birtwistle
Paulita,Helbeck
Netty,Kmiec
Kahaleel,Emmines
Gigi,Schwier
Clementine,McConnel
Melvin,Josipovitz
Aubree,Stronack
Welby,Litster
Minna,Clute
Marcella,Guye
Jodi,Whitmarsh
Tremaine,Usher
Aeriell,Copnall
Britney,Marks
Dorice,Lamkin
Rafaelita,Hards
Fiorenze,Cristea
Sanders,Farahar
Allard,Taggerty
Peirce,Mc Queen
Terry,Buller
Hayley,Tyght
Sauveur,Posvner
Ludvig,Hyett
Joelle,Reditt
Iris,Union
Filberte,Byles
Elysee,Carnachen
Marley,Gadson
Sherilyn,Sighard
Roshelle,Northwood
Noak,Colson
Zora,Bim
Lora,Larchier
Kalinda,Petroselli
Augustine,Sandle
Eben,Garritley
Felicio,Fabler
Netta,Pimbley
Poppy,Le Borgne
Gunter,Chesworth
Sylvia,Slany
Simone,Ameer-Beg
Christabel,Hullbrook
Edwin,Brodest
Beryl,Swetenham
Opaline,Slowley
Wilhelmina,Showers
Tiebold,Hanselman
Sandy,Deesly
Elonore,Esley
Decca,Singers
Gena,Sharply
Worthy,Tebbett
Olympe,Chooter
Paquito,Fargie
Nollie,Cordeux
Brigham,Heditch
Harriet,Minchinton
Daryl,Bagenal
Ardys,Candey
Ludovico,Bastard
Conny,Ferrige
Tome,Burness
Filip,Halpine
Parrnell,Nuzzi
Melony,Arnecke
Malchy,Phlippsen
Nathalie,Frankes
Patrica,Chillingworth
Brigg,Bertwistle
Maggy,Norway
Aime,Mansbridge
Emmet,Wythe
Berti,Eagell
Virginie,Itzkovici
Jesus,Cowlas
Alfredo,Mutch
Evita,Moran
Patty,Ballston
Ware,Mabe
Corena,Lowes
Yorker,Alishoner
Reeba,Cowern
Hagen,Kerbey
Adora,Potzold
Vikki,Exposito
Stan,Itchingham
Katharyn,Yewdale
Bil,Estcot
Teriann,Crass
Fawne,Haylor
Gibbie,Friday
Easter,Tonepohl
Feodora,Westman
Irvin,Eltune
Andreana,Doick
Kennan,Chastenet
Antonin,Drinkhill
Irwin,Restorick
Isaiah,Iwanowicz
Carita,Reardon
Calvin,Tyce
Artur,Mettericke
Hatty,O'Henecan
Holly,Osmon
Idelle,Alphege
Dulci,Cretney
Tommie,Esome
Stacie,Goldsworthy
Nowell,Rapi
Lauraine,Stares
Eddie,Fabbri
Brendan,Broxis
Demetria,O'Hartnett
Clemens,Pyffe
Mahmud,Jovicic
Eran,Wardlaw
Kania,Pregal
Alma,Cartmer
Cameron,Deering
Sindee,Glassman
Elita,Tucknutt
Whitney,Ivins
Elmo,Bayle
Camile,Ewins
Jodi,Hanhard
Jamison,Bennie
Peterus,Cayet
Dalli,Dominique
Margarette,De la Eglise
Rod,Giovanitti
Eunice,Hellyar
Nessy,Scottesmoor
Christie,Roget
Iain,Rowdell
Madeline,Deason
Wyatan,Cosans
Barnie,Hayle
Jayme,Schimoni
Lida,Malins
Cello,Cowderay
Sande,Hercock
Lotte,Duligal
Berny,Constable
Kelila,Tuvey
Stanislas,Vickarman
Tamarah,Rillstone
Dion,Hyslop
Mada,Archbutt
Aggie,Garbett
Trenton,Hehl
Cornelia,Mifflin
Connor,Fleis
Trenna,Leander
Mehetabel,Broadfoot
Britt,Jillins
Arlette,Robison
Antons,Reckhouse
Alyssa,Nottle
Adolf,Pyper
Hayden,Beyn
Cacilie,Hayfield
Sonni,Golde
Mathilda,Caslane
Kalina,Latek
Victor,Seeds
Tammie,Obell
Federico,Eaton
Bary,Wilcocks
Arley,Jobbings
Chrissie,Hinken
Perren,Tows
Catha,Dingate
Shayne,Symson
Patti,Henfre
Nickola,MacCawley
Kacie,Noury
Aggi,Pridie
Reuben,Trematick
Pru,Mushart
Tymon,Eacle
Krishna,Croft
Warren,MacKaig
Vite,Vlasenkov
Tiler,Skoof
Ania,Reynard
Colman,Hawksby
Cointon,Copestake
Lorant,Klaves
Jelene,Sleit
Yorgos,Podbury
Berkley,Shutt
Tedmund,Ropars
Ax,Cotter
Shir,Marchiso
Adoree,Vlasenkov
Britta,Tomaselli
Flossi,Danielczyk
Tedra,Gantzer
Asa,Marnes
Malory,Prestwich
Royall,MacCosty
Korney,Bigg
Arlie,Gini
Whitaker,Weddeburn - Scrimgeour
Arleta,Tanslie
Rianon,Dayes
Sofia,Arrighi
Alfie,Heads
Hamlen,Hazeltine
Rodrique,Lanbertoni
Abran,Petruskevich
Lanita,Weatherhead
Knox,Gamlin
Kelsey,Whoston
Jaime,Folbigg
Stephenie,Maun
Euell,Kettlestring
Penelopa,McClounan
Zoe,Crosson
Shermie,Angell
Edwina,Joreau
Galen,Blaxeland
Angel,Garlic
Chaddie,Wrate
Marcela,Nekrews
Bogart,Edward
Gabbie,Petkov
Anissa,Van Der Straaten
Peirce,Dairton
Duffie,Relfe
Hunter,Gircke
Alissa,Lorenzo
Carlyle,Martugin
Noel,Altree
Allix,Pabel
Jozef,Norcop
Moses,Ertel
Cris,Tranter
Glynn,Krink
Margo,Covet
Binny,Emanueli
Zedekiah,Pechard
Brade,Pimblett
Birch,Glencrash
Beverley,Devenish
Brynna,Jersh
Lorenzo,Lorroway
Reynard,Cicerone
Raven,Cardoe
Bernadene,Cavolini
Yetty,Shillabeer
Justin,Trustrie
Murielle,Scoggan
Kippar,Budden
Gregorius,Levene
Bette,Drewet
Layne,Woolfitt
Smith,Codd
Neila,Tokell
Maisie,Irons
Egor,Ballantine
Alphonso,White
Emilie,Arnholtz
Travus,Uden
Dagny,Rosie
Mitchael,Luttger
Nada,Jakab
Hetty,Cocking
Pattie,Bassill
Kalvin,Domegan
Flo,Mynard
Modesta,Rosenbusch
Connie,Lodder
Viviana,Jotham
Jackie,Bortolutti
Ban,Beamont
Kellsie,Grabeham
Sosanna,Weddup
Rachel,Morfey
Arlin,Ingerith
Marcel,Durrad
Kristien,Kester
Odey,Meechan
Crystal,Migheli
Gillie,Baigent
Jodie,Blaxton
Llywellyn,Wale
Candi,Morteo
Caddric,Maylor
Marcille,Hazeldine
Roz,Edmands
Anny,Rehme
Abramo,McCoughan
Magdalen,Daville
Raleigh,Dufoure
Kippy,Jess
Alma,O'Carroll
Salaidh,Grollmann
Editha,Mars
Luce,Capponer
Skip,Scatchard
Hollyanne,Rickards
Dede,Aitcheson
Fransisco,Gyorgy
Ethe,Castellaccio
Cherry,Champneys
Jeri,Mustarde
Bealle,Sainsberry
Paige,Vynall
Gregorius,Crutchley
Salomone,Josskowitz
Tootsie,Sieghart
Fran,Shall
Beckie,Durrance
Tynan,Skeene
Devondra,McMeekin
Curtis,Slesser
Jeromy,Baglin
Alex,Abrahams
Damaris,Proughten
Riobard,Liebermann
Irita,Shrimptone
Tyrus,Gillbee
Davis,Treend
Harv,Rattenbury
Munmro,Stronach
Kandace,Botfield
Tiebout,Sommers
Josefina,Fontanet
Elonore,Southern
Chloe,Jillitt
Alisha,Stronge
Ebba,Gerardot
Stevana,Dove
Ewen,Pratte
Kelsy,Kirstein
Christian,Mantrup
Wye,Gratrex
Katee,Willment
Daisy,Wiggam
Del,Giannini
Carver,Thecham
Ericha,Illsley
Rochester,Dosdale
Natalya,Veschambre
Kariotta,Bernardos
Johna,Khotler
Horatio,Bussetti
Hugo,Beswell
Cinnamon,Duffield
Wilhelm,Kendall
Shay,Dalwood
Welby,Chese
Hughie,Lucus
Garvey,Caustick
Abey,Muller
Donelle,Sawdon
Anna-diane,Cruddace
Lind,Lodder
Portie,Coppo
Matty,Spellsworth
Almeria,Agate
Appolonia,Crace
Jannel,Ioan
Carolee,Manifould
Nan,Luesley
Pris,McGinnell
Sherwynd,Luscott
Luigi,Daldan
Cirstoforo,Phillips
Helene,Gramer
Delmore,Stickens
Sascha,Oldroyd
Cristi,Cannicott
Jerrold,Foyster
Robby,Itskovitz
Merwyn,Gooderham
Amandi,Shilling
Pierrette,Ardling
Lisette,Brettelle
Ignace,Mechan
Kai,McAllister
Revkah,Howood
Verile,Kezor
Millard,Minton
Kelcy,Ewebank
Jeana,Kadar
Estele,Lewson
Aluino,Esson
Brandy,Whiscard
Shalom,Olle
Xenia,Garric
Valentia,Bather
Florrie,Paike
Jane,Robyns
Mead,Espinha
Charis,Sleney
Sanders,Lenden
Riannon,Legrave
Jammie,Goman
Abra,McMorland
Cass,Collingworth
Harrie,Gerrens
Stanfield,Shillam
Brose,Baskwell
Clayborn,Ladbury
Mureil,Eddow
Winnah,Pardon
Bobbie,McShirrie
Joeann,Cutill
Aggy,Riggoll
Evanne,Ferrieroi
Bald,Norman
Mortimer,Iaduccelli
Dinah,Witul
Tarrance,Marian
Blondy,Skill
Brok,Arndell
Meggie,Rau
Tibold,Knevit
Korey,Lehr
Katti,Redhead
Delbert,Creech
Madelon,Herion
Evvie,Sparkes
Chlo,Osmund
Lars,Gratrex
Darleen,Schleicher
Joly,Slite
Wendall,Lown
Atlante,Sposito
Eveleen,Delgado
Peria,Virr
Lori,Jaggi
Travis,Betjes
Brewster,Baston
Magnum,Bartel
Sephira,Wither
Saxe,Swynfen
Dietrich,Ligerton
Bibby,Le Houx
Russ,Stickler
Calley,Tomkies
Demetria,Poley
Everard,Healings
Ruttger,Waterworth
Brinna,Dax
Maddalena,Banbrigge
Davidson,Seyler
Judie,Wentworth
Kristin,Lipson
Paddie,Paget
Carmencita,Lundon
Francois,Kennet
Desiree,Dan
Mimi,Ottewill
Perkin,Maydway
Jerrie,Laugheran
Gladi,Gabriel
Elia,Petrovic
Linea,Piborn
Warner,Janusik
Bobinette,Petersen
Valencia,Butterick
Tucker,Houseman
Ophelia,Torrese
Wittie,Bircher
Aubine,Aspinall
Pembroke,Cosson
Gabrielle,Scoles
Luce,Rapsey
Gardy,Barles
Michaella,Roz
Rollie,Dewdney
Nicoline,Stansbury
Vaughan,Valente
Karim,Napton
Svend,Linton
Sid,Skaif
Loralie,Collyear
Hortense,Bixley
Gerrard,Geerits
Zoe,Falls
Caddric,Riggott
Grata,Lever
Dulcia,Limpricht
Hall,Stickles
Jozef,Bricklebank
Bary,Allain
Nicki,Stannard
Sylvia,Springford
Delaney,Lamerton
Danila,O'Dee
Edan,Grouvel
Patrizia,Coulsen
Ruthe,Tows
Babs,Antognozzii
Laurens,Eborall
Kippie,Cutcliffe
Lauretta,Osgar
Bryana,Galfour
Petronia,Sawyers
Rahel,Sprake
Lisha,Camacke
Bondon,L'Amie
Sawyere,Quantick
Durand,Dacey
Dixie,Mabb
Jacquette,Stanhope
Reece,Ormshaw
Kaitlynn,Speirs
Norine,Kalinowsky
Marietta,Pinniger
Jobye,Leverentz
Sophey,Rumbold
Alejoa,Mc Meekan
Ketti,Cheak
Margarethe,Murty
Johnathan,Robbe
Ruthanne,Markie
Rosemary,McCroft
Andre,Chattell
Bev,Duchasteau
Betteann,Rahill
Giacopo,Northall
Casey,Hankey
Brenn,Algar
Dasha,Blackley
Morgan,Sharpus
Olwen,Duigan
Almire,Yushkov
Correy,Cratchley
Tadio,Vasilic
Hamilton,Ajsik
Inesita,Bart
Hana,Jenne
Ramonda,Scrafton
Kit,Alishoner
Dewie,Saleway
Francisco,Micah
Caleb,Derkes
Goddart,Penlington
Dreddy,Smeeton
Jemmy,Jerrim
Luisa,Fatharly
Tamarah,Thompsett
Wat,Borsay
Pia,Lawday
Berkie,Shippard
Anitra,Dabling
Sinclair,Lazell
Tim,Karlicek
Anthe,Jain
Darlleen,Strathdee
Ripley,Bowmaker
Tarra,Mussettini
Ashly,Denis
Syd,Hanhardt
Jacintha,McKintosh
Myer,Taggert
Abramo,Bachman
Opalina,Kopmann
Deloris,Norquoy
Gregorio,Launder
Torry,Petschelt
Ardys,Bristowe
Lion,McCraw
Kienan,Petteford
Yehudi,Norcott
Cleon,Bradneck
Goraud,Hopfner
Vi,Gyde
Jessa,Deeny
Trstram,McSharry
Joletta,Clinning
Sergei,Venables
Lanni,Fieldhouse
Richard,Biddleston
Benedikt,Vaudin
Alwin,Stearndale
Ingeberg,Lathbury
Hewe,Cable
Eustace,Kesterton
Denny,Clitherow
Dino,Darnell
Silvio,Comiskey
Robinia,Espadate
Goldarina,Rogerot
Garrott,Brookton
Christal,Bolden
Sarena,Kulvear
Rianon,Wilkes
Giacinta,Gobbet
Harlene,Dunderdale
Godwin,Kira
Francisca,Westhoff
Aile,Borges
Joly,Gull
Phyllida,Mant
Nichols,Hanster
Goldina,MacLleese
Quinta,Yallowley
Kay,Obert
Cathi,Bird
Jens,Clemmens
Flossi,Ilchuk
Joelynn,Lamswood
Agnesse,Guion
Fidelia,Ternott
Cathlene,Bragginton
Eric,Tieman
Irina,Sunley
Gabi,Soar
Kinsley,Irdale
Delly,Ripsher
Merridie,Goublier
Flint,Criag
Evie,Scotchforth
Micheil,Leacy
Leigh,Irlam
Culley,Peare
Lara,Winney
Harland,Lydon
Wren,Brammer
Bronny,Devenport
Saxe,Chazelas
Angil,Roderick
Skipton,Faircley
Jessalin,Bozward
Hodge,Effnert
Nolie,Beacom
Aridatha,Capelow
Onfre,Haggidon
Kaleb,Maseres
Codee,Hawyes
Whitney,Fisbey
Nancey,Van Salzberger
Cyrille,Vasyunin
Vin,Jeayes
Karl,Culcheth
Wilma,Rennels
Virgilio,Macias
Lief,Beville
Oralla,Abramson
Domeniga,Clappson
Cosimo,McVicker
Rudie,Dykes
Ives,Cummine
Dionysus,Wheater
Cirillo,Howsden
Oswell,Perrottet
Annabella,MacShane
Vivyanne,Wrigglesworth
Rodger,Wloch
Christel,Kelinge
Raphaela,Christophers
Frazier,Findlow
Danny,Paolo
Florry,Delea
Mattie,Bernakiewicz
Sydney,Hovee
Tabby,Bachshell
Phyllys,Offill
Mackenzie,McGee
Mar,Olander
Gisella,Agus
Marsh,Cuell
Sapphire,Brandham
Elli,Spears
Ealasaid,Bastiman
Scarlett,Dutchburn
Gui,Woodford
Bonnie,Fransewich
Wilhelm,Archibold
Felisha,Conti
Erich,Yglesias
Joelie,Cosely
Belinda,Dorney
Keefer,Siehard
Didi,Pimlett
Faustine,MacDermott
Ruby,Arons
Margaretta,Wegener
Raye,Matovic
Burnard,Queen
Kristoforo,McFayden
Alethea,Mandre
Gordie,Polendine
Jermain,Swalwel
Derby,Kenningley
Daryl,Purse
Errol,Bondar
Miguel,Clough
Brigg,Krysiak
Gussi,Kalisch
Lebbie,Lomansey
Gregoor,Buggy
Nathan,Whitehouse
Crystal,Vennart
Bradford,Vlahos
Mickie,Arias
Patti,Flack
Codie,Armfirld
Jenine,Hitschke
Garth,Sevitt
Dion,Kabsch
Gibby,Livingston
Padraig,Gurden
Lyda,Rhead
Sandy,Raccio
Binnie,Shearman
Bryn,Jakovijevic
Terry,Piscot
Merrielle,Cramphorn
Alvin,Raulin
Lindy,Aucourte
Quincy,Ugolini
Mead,Ninnotti
Shelli,Landsman
Brietta,Skilling
Lu,Dalley
Anissa,Bouzek
Atalanta,Oswal
Earvin,Coxon
Mercedes,Seydlitz
Joya,Simic
Stanleigh,Stainer
Noby,Yakuntzov
Ilka,Ast
Jacky,MacCaughey
Leonerd,Canfield
Vannie,Ronisch
Max,Aronoff
Eldin,Annwyl
Guenevere,Stirman
Tonie,Gaythorpe
Eddie,Barg
Donnell,Allebone
Dareen,O'Cooney
Chelsea,Kennet
Jasmin,Gooderson
Almeda,Kinnoch
Cyndie,Lamberts
Robinet,McCunn
Chas,Rey
Kerwin,Myrick
Kaine,Rosso
Harriott,Dobbings
Davon,Cunradi
Paxton,Bluschke
Zackariah,Shermore
Rowland,Davison
Nevins,Gierck
Cristina,Payle
Everard,Deniske
Hunter,Boarleyson
Fiona,Grellis
Oriana,Broxton
Julian,Capozzi
Akim,Gannon
Nancie,Lefeaver
Holli,Riccione
Elyssa,Verduin
Bryon,Saltman
Frank,Robelet
Ilka,Wayne
Malachi,Jope
Garnet,Berggren
Rasla,Rickis
Ileana,Kester
Romy,Trapp
Dell,Scolland
Rhianna,Jaquet
Gabriel,Giddons
Wilek,Seif
Sayres,Broe
Floris,MacIntosh
Gregoire,Stanborough
Hakeem,D'Emanuele
Sarajane,Ledington
Analise,Pinckstone
Mervin,Ceaser
Cary,Anyon
Mellisa,Biermatowicz
Clarie,Ancketill
Edgard,Leverson
Rafi,Mouget
Shepherd,Keyho
Kiley,Cuell
Dicky,Gaspard
Erminia,Conor
Clifford,Grigorescu
Shaine,Dank
Allegra,Chesnut
Dominga,Hearle
Dorisa,Shenfish
Winne,Ship
Salem,Kellard
Roxi,De la Yglesias
Reggie,Ingleson
Pearl,Dosedale
Ervin,Suddock
Dag,Freke
Hermon,Dalgleish
Trev,Sach
Salomon,Conaboy
Hyacinthe,Liddard
Barny,Becket
Morse,Fisbey
Konstantin,Olenin
Siffre,Rime
Krystle,McClure
Dorian,Alston
Christophe,Brekonridge
Ben,Deakin
Sibyl,Ferie
Janna,Goldfinch
Feodor,Treweela
Junette,Gruby
Marta,Leonarde
Maddy,Blenkharn
Cecily,Mille
Edvard,Waumsley
Brit,Hazlegrove
Bell,Bockings
Janifer,Napoli
Trula,Rexworthy
Corilla,Daskiewicz
Cora,Buscombe
Eddie,Fortoun
Stanleigh,Pringell
Trescha,Accum
Aldo,Zuanelli
Lloyd,Jardein
Vitoria,Rouge
Cammy,Belsham
Carlee,Messum
Ellyn,Tenbrug
Bellanca,Cottesford
Peta,Brumham
Madison,Quinane
Forster,Meachan
Gabey,Beetlestone
Camille,Bollen
Joice,Vassay
Bess,Hercules
Lamond,Cordey
Vonny,Breitling
Rick,Brunning
Naoma,Jacobowits
Rosabel,Husby
Amerigo,Mapston
Biron,Philpott
Tallie,Armer
Christiana,Gooble
Collie,Scrancher
Jedd,Purkiss
Lawton,Crosseland
Viviana,Spikeings
Francklin,Perdue
Dwight,Handslip
Agnese,Camell
Emilio,Tunbridge
Doy,Chmiel
Marlena,Thursfield
Jordon,Searsby
Brandon,Healks
Adelice,Kurtis
Neddie,MacGraith
Adiana,Westrip
Gae,Roscher
Keir,Blazey
Hollis,Smallcomb
Kenton,Starten
Odelle,Mueller
Pattin,Manoch
Benjy,Signore
Madalena,Brotherhed
Felisha,Gregr
Thorstein,Senn
Julius,O' Cloney
Noe,Bluett
Lutero,Jeanesson
Tabbi,Foukx
Michell,Wrightson
Ly,Grimmett
Boony,Kynett
Maximilian,Earie
Karol,Holde
Jacobo,Sillett
Aeriel,Noods
Neal,Mulrenan
Ulla,Tracey
Penelope,Fairley
Flemming,Ingley
Maiga,Colliver
Rowe,Abethell
Domini,Goulbourn
Isabelita,Grund
Clarabelle,Hasluck
Anne-corinne,Fairholme
Frasco,Chatfield
Devin,Doherty
Rurik,Rahlof
Sheba,Shrive
Tudor,Wasiel
Velma,Hallyburton
Matteo,Luipold
Ethan,Graser
Kristine,Joselevitz
Terrance,Philippart
Janis,Richard
Ailis,Beckhouse
Katee,Jephcott
Sergent,Cockren
Fedora,Leer
Edwin,Shoesmith
Bradney,Barbary
Gaynor,Freiburger
Margalo,Wiltshear
Zollie,Hempshall
Hallie,Redon
Eleni,Gosnay
Gustie,Crocetto
Celinka,Goodlad
Irv,Loomis
Ardisj,Fagge
Lydon,Fairrie
Elden,Klauber
Lela,Lanchester
Kelbee,Dufton
Branden,Vaudin
Pearce,Overton
Lotti,Beare
Garreth,Woodcock
Connie,Coils
Shem,Berfoot
Ellyn,Wyllcocks
Paule,Davage
Aland,Slafford
Leisha,Plumbe
Augusto,Lambshine
Shaylyn,Dewer
Caye,Simper
Sharon,Pymer
Marni,Shrimplin
Laurie,Brave
Dawn,Pattisson
Saundra,Pedracci
Ruggiero,Rushbrooke
Gladi,Barkaway
Malena,Locket
Rolland,Morteo
Nada,Mummery
Hillary,Coxhell
Modestine,Hay
Kailey,Cowen
Uri,Guwer
Jacobo,Kiddle
Artemus,Zumbusch
Fowler,Goldin
Babita,Skeemor
Merlina,Sharplin
Latia,Awin
Lira,Gillespie
Georgetta,Merioth
Tiphani,Dimitrescu
Donelle,Friese
Elisha,Blaxill
Sapphira,Duncanson
Karen,Hansana
Eolande,Scrowson
Brennen,Bourchier
Terrye,McAviy
Kristoforo,Buchett
Gerek,Dadswell
Sheeree,Farndale
Kristofer,Escoffier
Ingar,Whittles
Anica,Berresford
Blayne,Venturoli
Thaddeus,Mattock
Kaitlynn,Sein
Marleen,Grosier
Monti,Kinner
Myrah,Whitlam
Cheston,Warlow
Jacquelynn,Jaan
Huberto,Kryszka
Casie,Plaunch
Ediva,Duetschens
Minta,Lotte
Giacinta,Biset
Haleigh,Andersen
Glen,Weed
Radcliffe,Underhill
Stan,Worrell
Devina,Birtwistle
Paulita,Helbeck
Netty,Kmiec
Kahaleel,Emmines
Gigi,Schwier
Clementine,McConnel
Melvin,Josipovitz
Aubree,Stronack
Welby,Litster
Minna,Clute
Marcella,Guye
Jodi,Whitmarsh
Tremaine,Usher
Aeriell,Copnall
Britney,Marks
Dorice,Lamkin
Rafaelita,Hards
Fiorenze,Cristea
Sanders,Farahar
Allard,Taggerty
Peirce,Mc Queen
Terry,Buller
Hayley,Tyght
Sauveur,Posvner
Ludvig,Hyett
Joelle,Reditt
Iris,Union
Filberte,Byles
Elysee,Carnachen
Marley,Gadson
Sherilyn,Sighard
Roshelle,Northwood
Noak,Colson
Zora,Bim
Lora,Larchier
Kalinda,Petroselli
Augustine,Sandle
Eben,Garritley
Felicio,Fabler
Netta,Pimbley
Poppy,Le Borgne
Gunter,Chesworth
Sylvia,Slany
Simone,Ameer-Beg
Christabel,Hullbrook
Edwin,Brodest
Beryl,Swetenham
Opaline,Slowley
Wilhelmina,Showers
Tiebold,Hanselman
Sandy,Deesly
Elonore,Esley
Decca,Singers
Gena,Sharply
Worthy,Tebbett
Olympe,Chooter
Paquito,Fargie
Nollie,Cordeux
Brigham,Heditch
Harriet,Minchinton
Daryl,Bagenal
Ardys,Candey
Ludovico,Bastard
Conny,Ferrige
Tome,Burness
Filip,Halpine
Parrnell,Nuzzi
Melony,Arnecke
Malchy,Phlippsen
Nathalie,Frankes
Patrica,Chillingworth
Brigg,Bertwistle
Maggy,Norway
Aime,Mansbridge
Emmet,Wythe
Berti,Eagell
Virginie,Itzkovici
Jesus,Cowlas
Alfredo,Mutch
Evita,Moran
Patty,Ballston
Ware,Mabe
Corena,Lowes
Yorker,Alishoner
Reeba,Cowern
Hagen,Kerbey
Adora,Potzold
Vikki,Exposito
Stan,Itchingham
Katharyn,Yewdale
Bil,Estcot
Teriann,Crass
Fawne,Haylor
Gibbie,Friday
Easter,Tonepohl
Feodora,Westman
Irvin,Eltune
Andreana,Doick
Kennan,Chastenet
Antonin,Drinkhill
Irwin,Restorick
Isaiah,Iwanowicz
Carita,Reardon
Calvin,Tyce
Artur,Mettericke
Hatty,O'Henecan
Holly,Osmon
Idelle,Alphege
Dulci,Cretney
Tommie,Esome
Stacie,Goldsworthy
Nowell,Rapi
Lauraine,Stares
Eddie,Fabbri
Brendan,Broxis
Demetria,O'Hartnett
Clemens,Pyffe
Mahmud,Jovicic
Eran,Wardlaw
Kania,Pregal
Alma,Cartmer
Cameron,Deering
Sindee,Glassman
Elita,Tucknutt
Whitney,Ivins
Elmo,Bayle
Camile,Ewins
Jodi,Hanhard
Jamison,Bennie
Peterus,Cayet
Dalli,Dominique
Margarette,De la Eglise
Rod,Giovanitti
Eunice,Hellyar
Nessy,Scottesmoor
Christie,Roget
Iain,Rowdell
Madeline,Deason
Wyatan,Cosans
Barnie,Hayle
Jayme,Schimoni
Lida,Malins
Cello,Cowderay
Sande,Hercock
Lotte,Duligal
Berny,Constable
Kelila,Tuvey
Stanislas,Vickarman
Tamarah,Rillstone
Dion,Hyslop
Mada,Archbutt
Aggie,Garbett
Trenton,Hehl
Cornelia,Mifflin
Connor,Fleis
Trenna,Leander
Mehetabel,Broadfoot
Britt,Jillins
Arlette,Robison
Antons,Reckhouse
Alyssa,Nottle
Adolf,Pyper
Hayden,Beyn
Cacilie,Hayfield
Sonni,Golde
Mathilda,Caslane
Kalina,Latek
Victor,Seeds
Tammie,Obell
Federico,Eaton
Bary,Wilcocks
Arley,Jobbings
Chrissie,Hinken
Perren,Tows
Catha,Dingate
Shayne,Symson
Patti,Henfre
Nickola,MacCawley
Kacie,Noury
Aggi,Pridie
Reuben,Trematick
Pru,Mushart
Tymon,Eacle
Krishna,Croft
Warren,MacKaig
Vite,Vlasenkov
Tiler,Skoof
Ania,Reynard
Colman,Hawksby
Cointon,Copestake
Lorant,Klaves
Jelene,Sleit
Yorgos,Podbury
Berkley,Shutt
Tedmund,Ropars
Ax,Cotter
Shir,Marchiso
Adoree,Vlasenkov
Britta,Tomaselli
Flossi,Danielczyk
Tedra,Gantzer
Asa,Marnes
Malory,Prestwich
Royall,MacCosty
Korney,Bigg
Arlie,Gini
Whitaker,Weddeburn - Scrimgeour
Arleta,Tanslie
Rianon,Dayes
Sofia,Arrighi
Alfie,Heads
Hamlen,Hazeltine
Rodrique,Lanbertoni
Abran,Petruskevich
Lanita,Weatherhead
Knox,Gamlin
Kelsey,Whoston
Jaime,Folbigg
Stephenie,Maun
Euell,Kettlestring
Penelopa,McClounan
Zoe,Crosson
Shermie,Angell
Edwina,Joreau
Galen,Blaxeland
Angel,Garlic
Chaddie,Wrate
Marcela,Nekrews
Bogart,Edward
Gabbie,Petkov
Anissa,Van Der Straaten
Peirce,Dairton
Duffie,Relfe
Hunter,Gircke
Alissa,Lorenzo
Carlyle,Martugin
Noel,Altree
Allix,Pabel
Jozef,Norcop
Moses,Ertel
Cris,Tranter
Glynn,Krink
Margo,Covet
Binny,Emanueli
Zedekiah,Pechard
Brade,Pimblett
Birch,Glencrash
Beverley,Devenish
Brynna,Jersh
Lorenzo,Lorroway
Reynard,Cicerone
Raven,Cardoe
Bernadene,Cavolini
Yetty,Shillabeer
Justin,Trustrie
Murielle,Scoggan
Kippar,Budden
Gregorius,Levene
Bette,Drewet
Layne,Woolfitt
Smith,Codd
Neila,Tokell
Maisie,Irons
Egor,Ballantine
Alphonso,White
Emilie,Arnholtz
Travus,Uden
Dagny,Rosie
Mitchael,Luttger
Nada,Jakab
Hetty,Cocking
Pattie,Bassill
Kalvin,Domegan
Flo,Mynard
Modesta,Rosenbusch
Connie,Lodder
Viviana,Jotham
Jackie,Bortolutti
Ban,Beamont
Kellsie,Grabeham
Sosanna,Weddup
Rachel,Morfey
Arlin,Ingerith
Marcel,Durrad
Kristien,Kester
Odey,Meechan
Crystal,Migheli
Gillie,Baigent
Jodie,Blaxton
Llywellyn,Wale
Candi,Morteo
Caddric,Maylor
Marcille,Hazeldine
Roz,Edmands
Anny,Rehme
Abramo,McCoughan
Magdalen,Daville
Raleigh,Dufoure
Kippy,Jess
Alma,O'Carroll
Salaidh,Grollmann
Editha,Mars
Luce,Capponer
Skip,Scatchard
Hollyanne,Rickards
Dede,Aitcheson
Fransisco,Gyorgy
Ethe,Castellaccio
Cherry,Champneys
Jeri,Mustarde
Bealle,Sainsberry
Paige,Vynall
Gregorius,Crutchley
Salomone,Josskowitz
Tootsie,Sieghart
Fran,Shall
Beckie,Durrance
Tynan,Skeene
Devondra,McMeekin
Curtis,Slesser
Jeromy,Baglin
Alex,Abrahams
Damaris,Proughten
Riobard,Liebermann
Irita,Shrimptone
Tyrus,Gillbee
Davis,Treend
Harv,Rattenbury
Munmro,Stronach
Kandace,Botfield
Tiebout,Sommers
Josefina,Fontanet
Elonore,Southern
Chloe,Jillitt
Alisha,Stronge
Ebba,Gerardot
Stevana,Dove
Ewen,Pratte
Kelsy,Kirstein
Christian,Mantrup
Wye,Gratrex
Katee,Willment
Daisy,Wiggam
Del,Giannini
Carver,Thecham
Ericha,Illsley
Rochester,Dosdale
Natalya,Veschambre
Kariotta,Bernardos
Johna,Khotler
Horatio,Bussetti
Hugo,Beswell
Cinnamon,Duffield
Wilhelm,Kendall
Shay,Dalwood
Welby,Chese
Hughie,Lucus
Garvey,Caustick
Abey,Muller
Donelle,Sawdon
Anna-diane,Cruddace
Lind,Lodder
Portie,Coppo
Matty,Spellsworth
Almeria,Agate
Appolonia,Crace
Jannel,Ioan
Carolee,Manifould
Nan,Luesley
Pris,McGinnell
Sherwynd,Luscott
Luigi,Daldan
Cirstoforo,Phillips
Helene,Gramer
Delmore,Stickens
Sascha,Oldroyd
Cristi,Cannicott
Jerrold,Foyster
Robby,Itskovitz
Merwyn,Gooderham
Amandi,Shilling
Pierrette,Ardling
Lisette,Brettelle
Ignace,Mechan
Kai,McAllister
Revkah,Howood
Verile,Kezor
Millard,Minton
Kelcy,Ewebank
Jeana,Kadar
Estele,Lewson
Aluino,Esson
Brandy,Whiscard
Shalom,Olle
Xenia,Garric
Valentia,Bather
Florrie,Paike
Jane,Robyns
Mead,Espinha
Charis,Sleney
Sanders,Lenden
Riannon,Legrave
Jammie,Goman
Abra,McMorland
Cass,Collingworth
Harrie,Gerrens
Stanfield,Shillam
Brose,Baskwell
Clayborn,Ladbury
Mureil,Eddow
Winnah,Pardon
Bobbie,McShirrie
Joeann,Cutill
Aggy,Riggoll
Evanne,Ferrieroi
Bald,Norman
Mortimer,Iaduccelli
Dinah,Witul
Tarrance,Marian
Blondy,Skill
Brok,Arndell
Meggie,Rau
Tibold,Knevit
Korey,Lehr
Katti,Redhead
Delbert,Creech
Madelon,Herion
Evvie,Sparkes
Chlo,Osmund
Lars,Gratrex
Darleen,Schleicher
Joly,Slite
Wendall,Lown
Atlante,Sposito
Eveleen,Delgado
Peria,Virr
Lori,Jaggi
Travis,Betjes
Brewster,Baston
Magnum,Bartel
Sephira,Wither
Saxe,Swynfen
Dietrich,Ligerton
Bibby,Le Houx
Russ,Stickler
Calley,Tomkies
Demetria,Poley
Everard,Healings
Ruttger,Waterworth
Brinna,Dax
Maddalena,Banbrigge
Davidson,Seyler
Judie,Wentworth
Kristin,Lipson
Paddie,Paget
Carmencita,Lundon
Francois,Kennet
Desiree,Dan
Mimi,Ottewill
Perkin,Maydway
Jerrie,Laugheran
Gladi,Gabriel
Elia,Petrovic
Linea,Piborn
Warner,Janusik
Bobinette,Petersen
Valencia,Butterick
Tucker,Houseman
Ophelia,Torrese
Wittie,Bircher
Aubine,Aspinall
Pembroke,Cosson
Gabrielle,Scoles
Luce,Rapsey
Gardy,Barles
Michaella,Roz
Rollie,Dewdney
Nicoline,Stansbury
Vaughan,Valente
Karim,Napton
Svend,Linton
Sid,Skaif
Loralie,Collyear
Hortense,Bixley
Gerrard,Geerits
Zoe,Falls
Caddric,Riggott
Grata,Lever
Dulcia,Limpricht
Hall,Stickles
Jozef,Bricklebank
Bary,Allain
Nicki,Stannard
Sylvia,Springford
Delaney,Lamerton
Danila,O'Dee
Edan,Grouvel
Patrizia,Coulsen
Ruthe,Tows
